college,1-5,6-10,11-15,16-20,21-25,26-30,31-35,36-40,41-45,46-50,51-55,56-60
Abilene Christian University,0,0,0,0,0,0,0,0,0,0,0,4
Acadia University,0,0,0,0,0,0,0,0,0,0,0,1
Adams State College,0,0,0,0,0,0,0,0,0,0,0,2
Adelphi University,0,0,0,0,0,0,0,0,0,0,0,1
Air Force,0,0,0,0,0,0,0,0,0,0,0,2
Alabama,3,2,4,5,7,1,2,3,5,3,2,9
Alabama A&M University,0,0,0,0,0,0,0,0,0,0,0,1
Alabama State University,0,0,0,1,0,1,1,1,0,1,1,9
Albany State University,0,0,0,1,0,0,1,0,0,0,0,6
Albright College,0,0,0,0,0,0,0,0,0,0,0,1
Alcorn State,0,0,0,1,1,0,0,1,1,0,0,9
Alderson-Broaddus College,0,0,0,0,0,0,0,0,0,0,0,2
Allan Hancock College,0,0,0,0,0,0,0,0,0,0,0,1
Alliance College,0,0,0,0,0,0,0,0,0,0,0,1
Alliant International University,0,0,0,0,0,0,0,0,0,0,0,2
American International College,0,0,0,0,0,0,0,0,0,0,0,2
American University,1,0,0,0,0,0,0,1,1,0,0,8
Angelo State University,0,0,0,0,0,0,0,0,0,0,0,1
Appalachian State University,0,0,0,0,0,0,0,0,0,0,0,5
Arizona,5,10,5,2,5,3,9,5,8,3,2,19
Arizona State,3,2,1,0,5,1,5,1,2,5,1,16
Arkansas,2,6,4,0,3,3,1,7,1,1,0,16
Arkansas State University,0,0,0,0,1,0,0,0,1,0,0,5
Arkansas Tech University,0,0,0,1,0,0,0,0,0,0,0,1
Armstrong Atlantic State University,0,0,0,0,0,0,0,0,0,0,0,3
Ashland University,0,0,0,0,0,0,0,0,0,0,0,5
Assumption College,0,0,0,0,0,0,0,0,0,0,0,3
Auburn,5,0,1,1,4,1,4,1,1,3,1,14
Auburn University at Montgomery,0,0,0,0,0,0,0,1,0,0,0,0
Augsburg College,0,0,0,0,1,0,0,0,0,0,0,2
Augusta State University,0,0,0,0,0,0,0,0,0,0,0,3
Augustana College (IL),0,0,0,0,0,0,0,0,0,0,0,2
Augustana College (SD),0,0,0,0,0,0,0,0,1,0,0,1
Aurora University,0,0,0,0,0,0,0,0,0,0,0,2
Austin Peay State University,0,0,0,0,0,1,2,0,0,0,0,6
Azusa Pacific University,0,0,0,0,0,0,0,0,0,0,0,3
BYU,2,3,2,2,2,2,2,1,1,2,0,21
Baldwin-Wallace College,0,0,0,0,0,0,0,0,0,0,0,4
Ball State University,0,0,1,0,0,0,0,0,0,0,0,3
Barber-Scotia College,0,0,0,0,0,0,0,0,0,0,0,1
Barton County Community College,0,0,1,0,0,0,0,0,0,0,0,0
Bates College,0,0,0,0,0,0,0,0,0,0,0,0
Bay College,0,0,0,0,0,0,0,0,0,0,0,1
Baylor,1,4,1,3,4,1,1,3,2,2,0,6
Belhaven College,0,0,0,0,0,0,0,1,0,0,0,0
Bellarmine University,0,0,0,0,0,0,0,0,0,0,0,2
Belmont,0,0,0,0,0,2,0,0,0,0,0,1
Belmont Abbey College,0,0,0,0,0,0,0,1,1,0,0,0
Beloit College,0,0,0,1,1,0,0,0,0,0,0,0
Benedict College,0,0,0,0,0,0,0,0,0,1,0,1
Benedictine College,0,0,0,0,1,0,0,0,0,1,0,1
Bentley College,0,0,0,0,0,0,0,0,1,0,0,2
Bethel College,0,0,0,0,0,0,0,0,1,0,0,0
Bethune-Cookman College,0,0,0,0,0,0,0,0,0,1,0,3
Biola University,0,0,0,0,0,0,0,0,0,0,0,1
Bishop College,0,0,0,0,0,0,0,0,0,0,0,2
Bloomfield College,0,0,0,0,0,0,0,0,0,0,0,2
Bloomsburg University of Pennsylvania,0,0,0,0,0,0,0,0,0,0,0,1
Boise State,0,0,0,0,1,0,0,0,0,0,2,5
Boston College,1,1,2,3,3,3,1,2,1,0,4,14
Boston State University,0,0,0,0,0,0,0,0,0,0,0,1
Boston University,0,0,0,0,0,0,0,0,2,2,1,7
Bowling Green,3,0,1,1,1,0,1,2,0,0,1,14
Bradley,1,2,4,0,3,0,0,4,5,2,3,17
Brandeis University,0,0,0,0,0,0,0,0,0,1,0,5
Briar Cliff University,0,0,0,0,0,0,0,0,0,0,0,4
Bridgewater State College,0,0,0,0,0,0,0,0,0,0,0,1
Brown University,0,0,0,0,0,0,0,0,0,0,0,3
Bucknell,0,0,0,0,0,0,0,1,1,0,0,1
Buffalo,0,0,0,0,0,0,0,0,0,0,0,1
Buffalo State,0,0,0,0,0,0,0,0,0,0,0,2
Butler,0,1,0,0,0,0,1,0,0,0,0,5
Butler County Community College,0,0,0,0,0,0,0,0,1,0,0,0
Cal Poly,0,0,0,0,0,0,0,0,0,0,0,1
Cal State Dominguez Hills,0,0,0,0,0,0,0,0,0,0,0,1
Cal State Fullerton,0,1,0,0,0,0,1,0,0,3,0,9
Cal State Long Beach,1,1,0,2,1,3,1,2,2,4,3,12
Cal State Northridge,0,0,0,0,0,0,0,0,0,0,0,2
Cal State-Bakersfield,0,0,0,0,0,0,0,1,0,0,0,0
California,4,3,1,1,3,1,3,0,6,3,2,22
California Institute of Technology,0,0,0,0,0,0,0,0,0,0,0,1
"California State University, Los Angeles",0,0,0,1,0,0,0,0,0,1,1,3
California University of Pennslyvania,0,0,0,0,0,0,0,0,0,0,0,2
Cameron University,0,0,0,0,0,0,0,0,0,0,0,3
Campbell,0,0,0,0,0,0,0,0,0,0,0,2
Canisius,0,0,0,1,2,1,1,1,0,1,0,11
Carson-Newman College,0,0,0,0,0,0,0,0,0,0,0,2
Carthage College,0,0,0,0,0,0,0,0,0,0,0,1
Case Western Reserve University,0,0,0,0,0,0,1,0,0,0,0,0
Catawba College,0,0,0,0,0,0,0,0,0,0,0,5
Centenary (LA),0,1,0,0,0,0,0,0,1,0,0,7
Central Connecticut State University,0,0,0,0,0,0,0,0,0,0,0,2
Central Florida,0,1,0,0,0,0,1,0,0,0,0,1
Central Michigan University,0,1,1,0,0,1,0,2,0,0,0,9
Central Missouri State University,0,0,0,0,1,0,0,0,0,0,0,1
Central State University,0,0,0,0,0,1,0,1,0,0,0,4
Central Washington University,0,0,0,0,0,0,0,0,0,0,0,5
Chaminade University of Honolulu,0,0,0,0,0,0,0,0,0,0,0,3
Chancellor University,0,0,0,0,0,0,0,0,0,0,0,1
Chapman University,0,0,0,0,0,0,0,0,0,0,0,1
Chattanooga,0,0,0,1,0,0,0,0,2,1,0,4
Cheyney (PA),0,0,0,0,0,0,0,1,0,2,0,7
Chicago State,0,0,0,0,0,0,0,0,0,0,0,4
Christian Brothers University,0,0,0,0,0,0,0,0,1,0,0,0
Christopher Newport University,0,0,0,0,0,0,0,0,1,0,0,0
Cincinnati,4,6,1,4,1,5,3,4,2,3,2,21
City College of New York,0,1,0,0,0,0,0,0,0,1,0,1
Clarion University of Pennsylvania,0,0,0,0,0,0,0,0,0,0,0,0
Clark Atlanta University,0,0,0,0,0,0,0,0,1,0,0,2
Clark University,0,0,0,0,0,0,0,0,0,0,0,2
Clemson,0,2,2,2,1,1,2,1,1,1,1,14
Cleveland State University,0,0,0,0,2,1,0,0,1,0,0,5
Coe College,0,0,0,0,0,0,0,0,0,0,0,1
Colby College,0,0,0,0,0,0,0,0,0,0,0,0
Colgate,0,1,1,0,0,0,0,0,0,1,0,4
College of Charleston,0,0,0,0,0,0,0,1,0,2,0,1
College of Idaho,0,0,0,0,0,0,0,0,0,0,0,2
College of Santa Fe,0,0,0,0,0,0,0,0,0,0,0,2
College of the Sequoias,0,0,0,0,0,0,0,0,0,1,0,0
Colorado,1,3,2,1,2,5,1,3,2,0,0,19
Colorado State,0,1,1,2,2,2,1,1,2,0,2,11
Columbia University,1,1,1,0,0,0,1,0,0,1,0,6
Columbus State University,0,0,0,0,0,0,0,0,0,0,0,2
Concord University,0,0,0,0,0,0,0,0,0,0,0,1
Concordia College,0,0,0,0,0,0,0,0,0,0,0,1
Concordia Seminary,0,0,0,0,0,0,0,0,0,0,0,2
Cooper Union,0,0,0,0,0,0,0,0,0,0,0,1
Coppin State University,0,0,0,0,0,0,1,0,0,0,0,1
Cornell,0,1,0,0,1,0,1,0,1,0,0,5
Cornell College,0,0,0,0,0,0,0,0,0,0,0,1
Creighton,1,1,3,1,1,2,3,1,0,1,2,15
Dakota Wesleyan University,0,0,0,0,0,0,0,0,0,0,0,2
Dallas Baptist University,0,0,0,0,0,0,0,0,0,0,0,1
Dartmouth College,0,0,1,0,0,0,1,0,0,0,0,3
Davenport University,0,0,0,0,0,0,0,0,0,0,0,2
Davidson,1,1,1,0,1,0,0,0,0,1,1,9
Davis & Elkins College,0,0,0,0,0,0,0,0,0,0,0,1
Dayton,1,2,2,5,3,1,5,2,0,0,2,19
DePaul,3,2,1,5,3,1,3,2,1,3,1,22
DePauw University,0,0,0,0,0,0,0,0,0,0,0,0
Delaware Valley College,0,0,0,0,0,0,0,0,0,0,0,1
Delta State University,0,0,0,0,0,0,0,0,0,0,0,2
Denver,0,0,1,0,0,0,0,0,0,0,1,9
Denver Junior College,0,0,0,0,0,0,0,0,0,0,0,0
Detroit Institute of Technology,0,0,0,0,0,0,0,0,0,0,0,2
Detroit Mercy,1,0,2,1,2,2,1,1,1,1,0,12
Dickinson College,0,0,0,0,0,0,0,0,0,0,0,0
Dickinson State University,0,0,0,0,0,0,0,0,0,0,0,1
Dillard University,0,0,0,0,0,0,0,0,0,0,0,7
Doane University,0,0,0,0,0,0,0,0,0,0,0,2
Drake University,0,0,1,1,1,1,0,2,1,0,4,16
Drexel,0,0,0,0,0,0,0,0,1,0,0,6
Drury University,0,0,0,0,0,0,0,0,0,0,0,4
Duke,21,11,10,8,8,6,10,6,5,4,2,24
Duquesne,2,0,2,0,2,0,3,0,0,1,1,19
East Carolina University,0,0,0,0,2,0,0,0,0,0,0,3
East Central University,0,0,0,0,0,0,0,0,0,0,1,0
East Oregon University,0,0,0,0,0,0,0,0,0,0,0,1
East Tennessee State University,0,0,0,0,0,1,1,0,0,0,1,5
Eastern Illinois University,0,0,0,0,0,0,1,0,1,0,0,3
Eastern Kentucky University,1,0,0,0,0,2,2,2,0,2,1,12
Eastern Michigan,0,0,1,0,0,0,1,2,0,1,2,8
Eastern New Mexico University,0,0,0,0,0,0,0,1,0,0,0,1
Eastern Washington,0,0,1,0,0,0,0,0,0,0,1,1
Eckerd College,0,0,0,0,0,0,0,0,0,0,0,1
Edinboro University of Pennsylvania,0,0,0,0,0,0,0,0,0,0,0,3
Elizabeth City State University,0,0,0,0,0,0,0,0,0,2,0,4
Elmhurst College,0,0,0,0,0,0,0,0,0,0,0,1
Elon University,0,0,0,1,0,0,0,0,0,0,0,1
Emporia State University,0,0,0,0,0,0,0,0,0,0,0,0
Erskine College,0,0,0,0,0,0,0,0,0,0,0,1
Fairfield,0,0,0,0,0,0,0,0,2,0,0,9
Fairleigh Dickinson University,0,0,1,0,0,0,0,0,0,0,0,2
Fairmont State University,0,0,0,0,0,0,0,0,0,0,0,2
Fayetteville State University,0,0,0,0,0,0,0,0,0,0,0,1
Ferris State University,0,0,0,0,0,0,0,0,0,0,0,3
Findlay (OH),0,0,0,0,0,0,0,0,0,0,0,0
Fisk University,0,0,0,0,0,0,0,0,0,0,0,1
Florida,4,3,0,3,2,2,1,3,3,3,3,13
Florida A&M,0,0,0,0,0,0,1,1,1,0,0,1
Florida International University,0,0,0,0,0,0,0,0,0,0,0,1
Florida Southern College,0,0,0,0,0,0,0,0,0,0,0,6
Florida State,3,2,3,3,3,3,2,4,4,2,1,21
Fordham,0,1,0,0,2,0,0,1,0,0,0,8
Fort Hays State University,0,0,0,0,0,0,0,0,0,0,0,2
Fort Valley State University,0,0,0,0,1,0,0,0,0,0,0,1
Framingham State College,0,0,0,0,0,0,0,0,0,0,0,1
Franciscan University of Steubenville,0,0,0,1,0,0,0,0,0,0,0,1
Franklin & Marshall College,0,0,0,0,0,0,0,0,0,0,0,2
Fresno State,0,1,2,2,0,2,2,2,1,1,1,7
Furman University,1,0,1,2,1,0,0,0,0,0,1,11
Gannon University,0,0,0,0,0,0,0,0,0,0,0,3
Gardner-Webb University,0,0,0,0,1,1,0,0,0,1,0,4
George Fox University,0,0,0,0,0,0,0,0,0,0,0,2
George Mason,0,0,0,0,0,0,0,0,0,0,1,1
George Washington,1,0,2,1,0,0,1,0,0,1,0,13
Georgetown,7,2,3,2,0,4,1,1,4,2,0,20
Georgetown College,0,0,0,0,0,0,0,0,0,0,1,4
Georgia,2,3,1,1,1,3,3,2,0,4,2,18
Georgia Southern University,0,0,0,1,0,0,0,0,1,0,0,4
Georgia State University,0,0,0,0,0,1,0,0,0,0,0,2
Georgia Tech,5,1,4,6,5,2,2,2,4,2,0,10
Gonzaga,3,2,4,1,1,3,1,1,0,1,3,10
Graceland University,0,0,0,0,0,0,0,0,0,0,0,1
Grambling State University,0,2,3,2,1,1,0,1,0,1,0,11
Grand Canyon University,0,0,0,1,0,0,0,0,0,0,2,5
Green Bay,0,0,0,0,0,0,1,0,0,1,1,2
Grove City College,0,0,0,0,0,0,0,0,0,0,0,1
Guilford College,1,0,0,0,1,0,0,0,0,0,0,5
Gustavus Adolphus,0,0,0,0,0,0,0,0,0,0,0,5
Hamilton College,0,0,0,0,0,0,0,0,0,0,0,1
Hamline University,0,1,1,0,1,0,0,0,0,0,0,3
Hampton,0,0,0,0,0,0,1,0,0,0,0,7
Hanover College,0,0,0,0,0,0,0,1,0,0,0,2
Hardin-Simmons University,0,0,0,0,0,0,0,0,1,0,1,5
Harding University,0,0,0,0,0,0,0,0,0,0,0,1
Hartwick College,0,0,0,0,0,0,0,0,0,0,0,1
Harvard University,1,1,0,0,0,0,0,0,0,0,0,8
Hastings College,0,0,0,0,0,0,0,0,0,0,0,2
Hawaii,0,2,0,0,0,0,0,1,1,0,1,9
Henderson State University,0,0,0,0,0,0,0,0,0,0,0,3
High Point University,0,0,0,0,0,0,0,0,0,1,0,5
Hillsdale College,0,0,0,0,0,0,0,0,0,0,0,2
Hiram College,0,0,0,0,0,0,0,0,0,0,0,1
Hiram Scott College,0,0,0,0,0,1,0,0,0,0,0,1
Hofstra,0,0,0,2,1,0,0,1,1,0,1,7
Holy Cross,3,1,0,1,1,0,2,1,0,0,1,15
Hope College,0,0,0,0,0,0,0,0,0,0,0,1
Houston,4,3,2,3,4,5,0,0,2,2,2,19
Houston Baptist University,0,0,0,0,0,0,0,0,0,0,3,4
Howard Payne University,0,0,0,0,0,0,0,0,0,0,0,2
Howard University,0,0,0,0,0,0,0,0,0,0,0,5
Humboldt State University,0,0,0,0,0,0,0,0,0,0,0,0
Huntington University,0,0,0,0,0,0,0,0,0,0,0,1
Huron University,0,0,0,0,0,0,0,0,0,0,0,1
Huston-Tillotson University,0,0,0,0,0,0,0,0,0,0,0,2
Hutchinson Community College,0,0,0,0,0,0,0,0,0,1,0,0
IUPUI,0,0,0,0,0,1,0,0,0,0,0,0
Idaho,0,0,2,0,0,0,0,0,0,1,1,8
Idaho State University,0,0,0,0,1,0,1,0,0,1,1,11
Illinois,2,3,7,5,5,6,2,5,3,2,0,28
Illinois State,1,0,0,0,0,0,1,1,0,0,1,14
Illinois Wesleyan University,0,1,0,0,0,0,0,0,0,0,0,1
Indian Hills Community College,0,0,0,0,0,0,0,0,0,0,3,0
Indiana,7,6,9,11,5,7,4,4,5,3,0,18
Indiana Institute of Technology,0,0,0,0,0,0,0,0,0,0,0,0
Indiana State University,0,1,0,0,1,0,0,0,1,0,0,5
Indiana University of Pennsylvania,0,0,0,0,0,0,0,0,0,0,0,1
Indiana Wesleyan University,0,0,0,0,0,0,0,0,0,0,0,1
Iona College,0,0,0,1,1,1,0,0,2,0,0,4
Iowa,1,4,1,3,3,1,3,3,4,3,5,24
Iowa State,2,0,3,2,2,1,2,1,3,5,7,13
Ithaca College,0,0,0,0,0,0,0,0,0,0,0,1
Jackson State University,1,2,0,0,1,1,0,2,1,0,2,13
Jacksonville State University,0,0,0,0,0,0,0,0,0,0,0,1
Jacksonville University,1,1,1,2,1,1,0,1,1,1,3,14
James Madison University,0,0,0,0,0,0,1,0,1,0,0,4
John A. Logan College,0,0,0,0,0,0,0,0,0,0,1,0
John Carroll University,0,0,0,0,0,0,1,0,0,1,0,1
Johns Hopkins University,0,0,0,0,0,0,0,0,0,0,0,1
Johnson C. Smith University,0,0,0,0,0,0,0,0,0,0,0,3
Kansas,8,8,10,4,2,9,8,2,7,6,2,23
Kansas State,4,2,2,3,2,2,2,1,5,2,1,23
Kansas Wesleyan,0,0,0,0,0,0,0,0,0,0,0,0
Kent State University,0,0,0,0,0,0,0,0,0,0,0,5
Kentucky,12,19,10,9,8,10,5,4,12,6,5,35
Kentucky State University,1,0,1,1,0,0,0,0,0,1,1,8
Kentucky Wesleyan College,0,0,1,0,0,1,0,1,0,0,2,6
Kenyon College,0,0,0,0,0,0,0,0,0,0,0,6
King's College,0,0,0,0,0,0,0,0,0,0,0,1
King's College (Pennsylvania),0,0,0,0,0,0,0,0,0,0,0,1
LIU Post,0,0,0,0,0,0,0,0,0,0,0,2
LIU Southampton,0,0,0,0,0,0,0,0,0,0,0,1
LSU,8,0,3,1,3,3,5,3,4,3,3,20
La Salle,3,3,1,1,1,0,1,1,0,1,2,20
Lafayette College,0,0,0,0,0,0,1,1,0,0,0,6
Lake Superior State University,0,0,0,0,0,0,0,0,0,0,0,1
Lakeland College,0,0,0,0,0,0,0,0,0,0,0,2
Lamar,0,0,0,0,1,0,1,0,0,0,0,8
Lambuth University,0,0,0,0,0,0,0,0,0,0,0,1
Lane College,0,0,0,0,0,0,0,0,0,0,0,1
Lawrence Technological University,0,0,0,1,0,0,0,0,0,0,0,0
Lawrence University,0,0,0,0,0,0,0,0,0,0,0,1
LeMoyne College,0,0,1,0,0,1,0,0,0,0,0,5
LeMoyne-Owen College,0,0,0,0,0,0,0,0,0,0,0,3
Lebanon Valley College,0,0,0,0,0,0,0,0,0,0,0,0
Lehigh,0,1,0,0,0,0,0,0,0,0,0,0
Lenoir-Rhyne College,0,0,0,0,0,1,0,0,0,0,0,2
Lewis (IL),0,0,0,0,0,0,0,0,0,0,0,4
Lewis and Clark College,0,0,0,0,0,0,0,0,0,0,0,2
Liberty,0,0,0,0,0,0,0,0,0,0,1,2
Lincoln University (PA),0,0,0,0,0,0,0,0,0,0,0,1
Lincoln University of Missouri,0,0,0,0,0,0,0,0,0,0,0,4
Linfield College,0,0,0,0,0,0,0,0,0,0,0,4
Lipscomb,0,0,0,0,0,0,0,0,0,0,0,2
Little Rock,0,0,0,0,1,0,0,0,0,0,0,3
Long Island University,2,0,1,1,0,0,0,1,1,1,0,6
Longwood University,0,0,0,0,0,0,0,0,0,1,0,0
Loras College,0,0,0,0,0,0,0,0,0,0,0,1
Louisiana,0,2,0,1,0,0,0,0,1,1,1,12
Louisiana College,0,0,0,0,0,0,0,0,0,0,0,2
Louisiana Tech,2,1,1,0,0,1,0,1,0,2,1,5
Louisiana-Monroe,0,1,0,0,0,1,1,0,0,0,0,6
Louisville,5,8,6,9,5,1,4,4,3,2,3,21
Loyola (MD),0,0,0,0,0,1,0,0,0,0,1,5
Loyola Chicago,1,1,2,1,1,0,1,1,0,0,1,14
Loyola Marymount,0,1,0,0,0,1,0,0,1,1,0,9
Loyola New Orleans,0,0,0,0,0,0,0,0,0,0,1,3
Lycoming College,0,0,0,0,0,0,0,0,0,0,0,1
Macalester College,0,0,0,0,0,0,0,0,0,0,0,2
Malone College,0,0,0,0,0,0,0,0,0,0,0,1
Manchester University,0,0,0,0,0,0,0,0,0,0,0,1
Manhattan University,0,0,0,1,2,0,1,0,0,0,3,14
Marietta College,0,0,0,0,0,0,0,0,0,0,0,1
Marist College,1,0,0,0,0,0,0,0,1,0,0,0
Marquette,1,1,3,3,3,3,7,6,1,4,4,24
Marshall,1,1,1,2,1,0,2,1,0,0,1,11
Maryland,7,6,4,3,2,3,5,7,4,2,3,24
Marymount College,0,0,0,0,0,0,0,0,0,0,0,1
McDaniel College,0,0,0,0,0,0,0,0,0,0,0,0
McKendree College,0,0,0,0,0,0,0,0,0,0,0,2
McMurry University,0,0,0,0,0,0,0,0,0,0,0,1
McNeese State University,0,0,0,1,0,0,3,0,1,1,0,3
Memphis,6,3,2,4,2,0,4,5,3,3,1,22
Mercer University,0,0,0,0,0,0,0,0,0,0,1,6
Mercyhurst College,0,0,0,0,0,0,0,0,0,0,0,1
Merrimack College,0,0,0,0,0,0,0,0,0,1,0,3
Miami (FL),1,0,0,2,3,1,1,2,1,3,4,8
Miami University,0,2,0,0,1,1,1,0,1,0,1,8
Michigan,6,8,8,5,5,3,5,2,8,2,4,22
Michigan State,5,2,7,4,6,3,5,1,2,5,5,21
Middle Tennessee,0,0,0,0,0,0,0,1,0,0,0,10
Midwestern State University,0,0,0,0,0,0,0,0,0,1,1,4
Miles College,0,0,0,0,0,0,0,0,0,0,0,1
Millersville,0,0,0,0,0,0,0,1,0,0,0,2
Milligan College,0,0,0,0,0,0,0,0,0,0,0,1
Millikin University,0,0,1,0,0,0,0,0,0,0,0,1
Minnesota,4,8,3,2,4,2,1,1,1,3,2,22
"Minnesota State University, Mankato",0,0,0,0,0,0,0,0,0,0,0,1
Mississippi College,0,0,0,0,0,0,0,0,1,0,0,0
Mississippi State,1,2,3,1,1,1,2,3,3,1,1,7
Mississippi Valley State University,0,0,0,0,0,0,1,1,0,1,0,2
Missouri,1,4,3,5,1,5,2,1,1,3,3,21
Missouri Southern State,0,0,0,0,0,0,0,0,0,0,0,2
Missouri State,0,0,0,0,0,1,1,1,0,1,1,4
Missouri Valley College,0,0,0,0,0,0,0,0,0,0,0,0
Missouri Western State College,0,0,0,0,0,0,0,0,0,0,0,2
Missouri-Kansas City,0,0,0,1,0,0,0,0,0,0,0,0
Missouri-St. Louis,0,0,0,0,0,0,0,0,0,0,0,2
Monmouth University,0,0,0,0,0,0,0,0,0,0,0,4
Montana,1,0,0,0,0,1,0,0,0,0,0,6
Montana State,0,0,0,0,0,0,0,0,0,0,0,10
"Montana State University, Billings",0,0,0,0,0,0,0,0,0,0,0,5
Montana-Western,0,0,0,0,0,0,0,0,0,0,0,2
Moravian College,0,0,0,0,0,0,0,0,0,0,0,1
Morehead State University,0,1,1,0,1,1,2,0,0,3,1,9
Morehouse College,0,0,0,0,0,0,0,0,0,0,0,1
Morgan State University,1,0,0,0,0,0,0,0,0,0,0,2
Morningside College,0,0,0,0,0,0,0,0,0,0,0,2
Morris Brown College,0,0,0,0,0,0,0,0,0,0,0,2
Mount St. Mary's University,0,0,1,0,0,0,0,0,1,0,0,3
Muhlenberg College,0,0,0,0,0,0,0,0,0,0,0,0
Murray State,1,0,1,0,2,0,3,0,1,1,1,12
NC Central,0,1,0,0,0,0,0,0,2,0,0,6
NC State,4,6,4,3,1,4,3,2,5,3,2,27
NYU,1,2,2,1,0,0,1,0,0,0,0,5
Nasson College,0,0,0,0,0,0,0,0,0,0,0,1
Nebraska,0,0,2,0,2,0,1,1,4,2,1,14
Nebraska-Omaha,0,0,0,0,0,1,0,0,0,0,0,1
Nevada,0,0,0,3,1,0,3,1,0,1,0,8
New Jersey City University,0,0,0,0,0,0,0,0,0,0,0,2
New Mexico,0,3,1,2,1,3,2,1,0,1,2,20
New Mexico Highlands University,0,0,0,0,0,0,0,0,0,0,0,1
New Mexico State,1,0,1,0,0,1,2,0,0,0,2,10
New Orleans,0,0,0,0,1,0,0,2,0,0,1,6
New York Institute of Technology,0,0,0,0,0,0,0,0,0,0,0,2
Newberry College,0,0,0,0,0,0,0,0,0,0,0,3
Niagara University,1,0,1,4,1,0,0,0,1,1,1,10
Nicholls State,0,0,0,0,0,0,0,1,0,0,0,1
Norfolk State,0,0,0,0,0,0,1,0,1,1,1,10
North Carolina A&T,0,0,0,0,0,0,0,1,0,1,0,17
North Central College,0,0,0,0,0,0,0,0,0,0,0,1
North Dakota State University,0,0,0,0,0,0,0,0,0,0,0,3
North Park University,0,0,0,0,0,0,0,0,0,0,0,4
Northeast Mississippi Community College,0,0,0,0,1,0,0,0,0,0,0,0
Northeastern Illinois University,0,0,0,0,0,0,0,0,0,0,0,1
Northeastern State University,0,1,0,0,0,0,0,0,0,0,0,2
Northeastern University,0,0,0,0,1,0,0,1,0,0,0,11
Northern Arizona University,0,0,0,0,0,0,0,0,0,0,1,7
Northern Illinois,0,0,0,0,0,0,0,0,0,2,0,6
Northern Michigan University,0,0,0,0,0,0,0,0,0,0,0,5
Northern State University,0,0,0,0,0,0,0,0,0,0,0,2
Northwest Missouri State University,0,0,0,0,0,0,0,0,0,0,0,3
Northwestern,0,0,1,1,1,0,3,2,2,0,1,16
Northwestern Oklahoma State University,0,0,0,0,0,0,1,0,0,0,0,1
Northwestern State University,1,0,0,0,0,0,0,0,0,0,0,6
Northwood University,0,0,0,0,0,0,0,0,0,0,0,2
Notre Dame,5,3,4,8,7,2,1,1,4,1,3,19
Oakland,0,0,0,0,0,0,0,0,0,1,1,0
Oberlin College,0,0,0,0,0,0,0,0,0,0,0,1
Occidental College,0,0,0,0,0,0,0,0,0,0,0,1
Oglethorpe University,0,0,0,0,0,0,0,0,0,0,0,2
Ohio State,10,7,2,2,7,5,0,2,2,2,5,12
Ohio University,0,0,2,0,0,1,1,0,1,1,0,13
Ohio Wesleyan University,0,0,0,0,1,0,0,1,0,0,0,0
Okaloosa-Walton Community College,0,0,1,0,0,0,0,0,0,0,0,0
Oklahoma,5,3,3,0,0,1,2,5,1,4,3,24
Oklahoma Baptist University,0,1,0,0,0,0,0,0,0,0,0,2
Oklahoma Christian University,0,0,0,0,0,0,0,0,0,0,0,4
Oklahoma City University,0,0,3,2,0,2,0,2,0,1,0,8
Oklahoma Panhandle State University,0,0,0,0,0,0,0,0,0,0,0,2
Oklahoma State,2,2,1,3,1,3,2,2,1,2,1,14
Old Dominion,0,0,0,2,1,2,0,0,0,0,2,6
Ole Miss,0,0,0,1,0,2,0,3,1,0,0,8
Oral Roberts,0,0,0,0,1,0,0,1,0,3,2,13
Oregon,2,4,7,1,0,2,1,1,6,1,4,21
Oregon State,2,3,4,2,3,3,1,2,1,2,1,20
Otterbein College,0,0,0,0,0,0,0,0,0,0,0,1
Ouachita Baptist University,0,0,0,0,1,0,0,0,0,0,1,0
Pace University,0,0,0,0,0,0,0,0,0,0,0,1
Pacific Lutheran University,0,0,0,0,0,0,0,0,0,0,0,2
Pacific University,0,0,0,0,0,0,0,0,0,0,0,2
Paine College,0,0,0,0,0,0,0,0,0,0,0,1
Paul Quinn College,0,0,0,0,0,0,0,0,0,0,0,1
Penn,2,1,1,0,0,2,2,0,1,2,1,9
Penn State,0,0,1,0,1,1,2,0,0,1,1,7
Pepperdine,0,0,0,1,1,2,0,1,1,0,3,25
Philadelphia University,0,0,0,0,0,0,0,0,0,0,0,4
Phillips University,0,0,0,1,0,0,0,0,0,0,0,1
Pikeville College,0,0,0,0,0,0,0,0,0,0,0,3
Pitt,1,0,2,2,2,1,1,3,2,3,2,10
Point Loma Nazarene,0,0,0,0,0,0,0,0,0,1,0,3
Point Park University,0,0,0,0,0,0,0,0,0,0,0,1
Polytechnic University,0,0,0,0,0,0,0,0,0,0,0,1
Portland State,0,1,0,0,0,0,0,0,0,0,0,1
Prairie View A&M University,1,0,0,0,0,0,0,0,0,0,0,3
Pratt Institute,0,0,0,0,0,0,0,0,0,0,0,1
Presbyterian College,0,0,0,0,0,0,0,0,0,0,0,1
Princeton,1,2,1,0,1,0,0,1,1,2,1,15
Providence,4,2,3,1,4,2,3,0,3,2,5,14
Purdue,4,6,0,0,0,3,5,3,2,3,2,21
Quinnipiac University,0,0,0,0,0,0,0,0,0,0,0,2
Randolph-Macon College,0,0,0,0,0,0,0,0,0,0,0,2
Regis University,0,0,0,0,0,0,0,0,0,0,0,2
Rhode Island,1,0,0,0,2,0,0,0,3,1,0,9
Rice University,0,1,0,1,1,2,0,1,0,1,0,4
Richmond,0,0,0,0,0,1,1,0,0,0,1,10
Rider University,0,0,1,0,0,0,0,0,0,0,0,1
Ripon College,0,0,0,0,0,0,0,0,0,0,0,1
Roanoke College,0,0,0,0,0,0,0,0,0,0,0,1
Robert Morris University (PA),0,0,0,0,0,0,0,0,0,0,0,3
Rochester Institute of Technology,0,0,0,0,0,0,0,0,0,0,0,1
Rockhurst University,0,0,0,0,0,0,0,0,0,0,0,8
Rocky Mountain College,0,0,0,0,0,0,0,0,0,0,0,2
Rutgers University,2,1,0,3,0,0,1,2,0,2,0,11
Rutgers University-Camden,0,0,0,0,0,0,0,0,0,0,0,1
SE Missouri State,0,0,0,0,0,0,0,0,0,0,0,3
SMU,2,0,0,0,1,0,2,2,2,1,2,12
SUNY Cortland,0,0,0,0,0,0,0,0,0,0,0,1
Sacramento State,0,0,0,0,0,0,0,0,0,0,0,1
Sacred Heart University,0,0,0,0,0,0,0,0,0,0,0,3
Saint Anselm College,0,0,0,0,0,0,0,0,0,0,0,0
Saint Augustine's College,0,0,0,0,0,0,0,0,0,0,0,4
Saint Francis University,1,0,1,0,0,0,2,1,1,0,0,5
Saint Joseph's,0,2,0,3,3,5,3,1,1,1,1,12
Saint Joseph's College,0,0,0,0,0,0,0,0,0,0,0,1
Saint Leo University,0,0,0,0,0,0,0,0,0,0,0,1
Saint Louis,1,2,0,0,4,0,0,0,3,3,1,10
Saint Mary of the Plains College,0,0,0,0,1,0,0,0,0,0,0,2
Saint Mary's,0,1,0,0,1,0,1,0,0,0,1,8
Saint Mary's University,0,0,0,0,0,0,0,0,0,0,0,2
Saint Michael's College,0,0,0,0,0,0,0,1,1,0,0,1
Saint Paul's College,0,0,0,0,0,0,0,0,0,0,1,0
Saint Peter's College,0,0,0,0,0,0,1,0,2,1,1,7
Salem University,0,0,0,0,0,0,0,0,0,0,0,1
Sam Houston State University,0,0,0,0,0,0,0,0,1,0,0,4
Samford University,0,0,0,0,0,0,0,0,0,0,0,2
San Diego State,0,0,2,0,0,1,1,0,2,1,2,16
San Francisco,3,2,7,1,2,2,1,2,0,1,0,18
San Francisco State University,0,0,0,0,0,0,0,0,0,0,0,3
San Jose State,0,1,1,1,0,0,0,1,0,0,0,7
Santa Clara,1,1,3,1,0,0,1,0,0,3,1,18
Savannah State University,0,0,0,0,0,0,0,0,0,0,0,3
Seattle Pacific University,0,0,0,0,0,0,0,0,0,0,0,1
Seattle University,2,1,1,1,0,0,1,1,2,0,3,14
Seton Hall,1,3,3,2,2,1,0,0,2,1,2,10
Seward County Community College,0,0,0,0,0,0,0,0,0,1,0,0
Shaw,0,0,0,0,0,0,0,0,1,0,0,7
Shaw College (MI),0,0,0,0,0,0,0,0,0,0,0,2
Shepherd College,0,0,0,0,0,0,0,0,0,0,0,1
Siena College,0,0,0,0,0,0,0,0,1,0,0,2
Simon Fraser University,0,0,0,0,0,0,0,0,0,0,0,1
Sir George Williams University,0,0,0,0,0,0,0,0,0,0,0,1
Slippery Rock University of Pennsylvania,0,0,0,0,0,0,1,0,0,0,0,0
South Carolina,0,3,4,2,2,1,3,2,2,4,1,19
South Carolina State,0,0,0,0,0,0,0,0,0,0,0,5
South Dakota,0,0,0,0,0,0,0,0,0,0,0,1
South Dakota State,0,0,0,0,0,0,0,1,1,1,0,4
South Florida,0,0,0,0,1,0,1,0,0,0,1,6
Southeastern Illinois College,0,0,0,0,0,0,1,0,0,0,0,0
Southeastern Louisiana University,0,0,0,0,0,0,0,0,0,0,0,1
Southeastern Oklahoma State University,0,0,0,1,0,1,0,1,0,0,0,1
Southern Illinois,1,0,1,0,1,2,0,0,0,0,1,11
Southern Indiana,0,0,0,0,0,0,0,0,0,0,0,2
Southern Miss,0,1,0,0,1,0,0,0,0,0,2,4
Southern Nazarene University,0,0,0,0,0,0,0,0,0,0,0,2
Southern New Hampshire University,0,0,0,0,0,0,0,0,0,0,0,1
Southern University and A&M College,0,0,0,1,0,0,1,1,1,0,1,9
Southern Utah University,0,0,0,0,0,0,0,0,0,0,0,1
Southwestern College,0,0,0,0,0,0,0,1,0,0,0,1
Southwestern Oklahoma State University,0,0,0,0,0,1,0,0,0,0,0,0
Southwstern University,0,0,0,0,0,0,0,0,0,0,0,1
Spring Hill College,0,0,0,0,0,0,0,0,0,0,0,1
Springfield College,0,0,0,0,0,0,0,0,0,0,0,3
St. Ambrose University,0,0,0,0,0,0,0,0,0,0,1,0
St. Bonaventure,3,0,1,1,0,2,1,1,3,0,0,17
St. Cloud State University,0,0,0,0,0,0,0,0,0,0,0,1
St. Francis College,0,0,0,0,1,0,0,0,2,0,0,6
St. John Fisher College,0,0,0,0,0,0,0,0,0,0,0,1
St. John's,1,4,8,3,5,6,3,2,1,2,2,23
St. Mary's College of Maryland,0,0,0,0,0,0,0,0,0,0,0,2
St. Mary's University,0,0,0,0,0,0,0,1,0,0,0,6
St. Thomas University,0,0,0,0,0,0,0,0,0,0,0,3
Stanford,0,6,2,4,2,3,3,2,5,1,2,12
State University of New York at Brockport,0,0,0,0,0,0,0,0,0,0,0,4
State University of New York at Potsdam,0,0,0,0,0,0,0,0,0,0,0,2
Stephen F. Austin,0,1,0,0,0,0,0,0,1,0,0,6
Stetson University,0,0,0,0,0,1,0,1,0,0,0,5
Stonehill College,0,0,0,0,0,0,0,0,0,0,0,2
Suffolk University,0,0,0,0,0,0,0,0,0,0,0,1
Sul Ross State University,0,0,0,0,0,0,0,0,0,0,0,1
Swarthmore College,0,0,0,0,0,0,0,0,0,0,0,1
Syracuse,6,2,5,5,7,6,2,9,1,2,3,19
TCU,0,1,0,1,0,3,2,0,1,0,0,10
Taylor University,0,0,0,0,0,0,0,0,0,0,0,1
Temple,2,4,2,2,1,3,1,3,0,2,3,12
Tennessee,1,2,5,2,4,4,5,4,2,1,1,24
Tennessee State,1,1,1,0,4,1,3,0,1,1,1,9
Tennessee Technological University,0,0,0,1,0,0,0,1,0,2,1,4
Tennessee Wesleyan College,0,0,0,0,0,0,0,0,0,0,0,1
Texas,4,7,2,3,2,3,3,1,4,2,2,16
Texas A&M,0,0,2,1,0,1,1,3,1,1,1,17
Texas Southern,0,1,0,0,0,1,0,0,0,0,0,5
Texas State University,0,0,0,0,1,0,1,1,0,0,0,3
Texas Tech,1,1,0,1,1,0,1,0,3,3,1,12
Texas Wesleyan University,1,0,0,0,0,0,0,0,0,0,0,0
Texas-El Paso,1,1,1,1,1,1,2,1,3,4,0,13
Texas-San Antonio,0,0,0,0,0,0,0,0,0,0,0,2
The Citadel,0,0,0,0,0,0,0,0,1,0,0,1
Thomas More College,0,0,0,0,0,0,0,0,0,0,0,3
Toledo,0,0,0,0,1,2,0,5,2,1,1,8
Tougaloo College,0,0,0,0,0,0,0,0,0,0,0,1
Towson University,0,0,0,0,0,0,0,0,0,0,0,3
Transylvania University,0,0,0,0,0,0,0,0,0,0,0,1
Trenton State University,0,0,0,0,0,0,0,0,0,0,1,1
Trinity University,0,0,0,0,0,0,0,0,0,0,0,3
Trinity Valley CC,0,0,0,1,0,0,0,0,0,0,0,0
Truman State University,0,0,0,1,0,0,0,0,0,0,0,2
Tufts University,0,0,0,0,0,0,0,0,0,0,0,1
Tulane,0,0,0,2,0,1,1,1,2,2,1,8
Tulsa,0,1,2,2,1,0,1,1,3,0,2,21
Tuskegee University,0,0,0,0,0,0,0,0,0,1,0,3
UAB,0,0,0,0,1,0,1,1,0,1,1,13
UC San Diego,0,0,0,0,0,0,0,0,0,0,0,1
UC Santa Barbara,0,0,0,0,1,0,1,2,0,0,0,10
UC-Davis,0,0,0,0,0,0,0,0,0,0,0,1
UCLA,13,5,9,7,8,9,5,4,7,9,6,46
UConn,7,7,4,1,4,3,3,7,0,3,3,12
UMBC,0,0,0,0,0,0,0,0,0,0,0,2
UMass,1,0,1,0,0,1,0,0,0,2,1,11
UNC,18,9,16,4,6,9,1,3,3,4,4,39
UNC Charlotte,0,1,1,0,1,0,0,2,1,1,0,8
UNC Wilmington,0,0,0,0,0,0,1,0,0,1,0,4
UNLV,5,3,4,2,3,2,2,1,1,1,0,29
USC,2,3,5,5,2,4,2,5,2,4,1,27
USC Upstate,0,0,0,0,0,0,0,0,1,0,0,0
UT Arlington,0,0,0,0,0,0,0,0,0,0,0,4
UW-Milwaukee,0,0,0,0,0,1,0,0,0,0,1,2
Union College,0,0,0,0,0,0,0,0,0,0,0,1
Union University,0,0,0,0,0,0,0,0,0,0,0,0
United States Military Academy,0,0,0,0,0,0,0,0,0,0,0,3
United States Naval Academy,1,0,0,0,0,0,1,0,0,0,0,3
University of Akron,0,0,0,0,0,1,0,0,0,1,0,6
University of Alaska Anchorage,0,0,0,0,0,0,0,0,0,0,0,2
University of Albuquerque,0,0,0,0,0,0,0,0,0,0,0,1
University of Arkansas at Pine Bluff,0,0,0,1,0,0,0,1,0,0,0,3
University of Baltimore,0,0,0,0,0,1,0,0,0,0,0,1
University of Bridgeport,0,0,0,0,0,0,1,0,0,0,0,0
University of British Columbia,0,0,0,0,0,0,0,0,0,0,0,1
University of Calgary,0,0,0,0,0,0,0,0,0,0,0,1
"University of California, Irvine",0,0,0,0,0,0,1,1,0,1,1,7
"University of California, Riverside",0,0,0,0,0,0,0,0,0,0,0,7
University of Central Arkansas,1,0,0,0,0,0,0,0,0,0,0,0
University of Charleston,0,0,0,0,0,0,0,0,0,0,0,1
University of Delaware,0,0,0,0,0,1,0,0,0,0,1,5
University of Evansville,0,1,0,0,1,0,1,1,2,1,0,7
University of Great Falls,0,0,0,0,0,0,0,0,0,0,0,1
University of Hartford,0,1,0,0,0,0,0,0,0,0,0,1
University of Illinois at Chicago,0,0,0,0,0,1,0,0,0,0,0,2
University of Indianapolis,0,0,0,0,0,0,0,0,0,0,0,1
University of La Verne,0,0,0,0,0,0,0,0,0,0,0,1
University of Lethbridge,0,0,0,0,0,0,0,0,0,0,0,1
University of Maine,0,0,0,0,0,0,0,0,0,0,0,7
University of Maryland Eastern Shore,0,0,0,1,0,0,0,1,1,0,0,3
University of Massachusetts Boston,0,0,0,0,0,0,0,0,0,0,0,1
University of Massachusetts Dartmouth,0,0,0,0,0,0,0,0,0,0,0,1
University of Massachusetts Lowell,0,0,0,0,0,0,0,0,0,0,0,1
University of Minnesota Morris,0,0,0,0,0,0,0,0,0,0,0,1
University of Missouri-Rolla,0,0,0,0,0,0,0,0,0,0,0,1
University of Nebraska at Kearney,0,0,0,0,0,0,0,0,0,1,0,2
University of New Hampshire,0,0,0,0,0,0,0,0,0,0,0,2
University of New Haven,0,0,0,0,0,0,0,0,0,0,0,2
University of North Alabama,0,0,0,0,0,0,0,0,0,0,0,1
University of North Carolina at Pembroke,0,0,0,0,0,0,0,0,0,0,0,1
University of North Dakota,0,0,0,1,0,0,1,0,0,0,0,2
University of North Texas,0,0,0,0,0,0,1,2,1,1,0,13
University of Northern Iowa,0,0,0,0,0,1,0,0,0,0,0,1
University of Portland,1,0,0,0,0,0,0,0,1,0,0,9
University of Puget Sound,0,0,0,0,0,0,0,0,0,0,0,6
University of Rio Grande,0,0,0,0,1,0,0,0,0,0,0,1
University of Rochester,0,0,0,0,0,0,0,0,0,0,0,1
University of San Diego,0,0,0,0,0,0,0,0,0,0,0,5
University of Scranton,0,0,0,0,0,0,1,0,0,1,0,1
University of South Alabama,0,0,0,0,1,1,0,0,0,1,1,11
University of Southern Colorado,0,0,0,0,0,0,0,0,0,0,0,2
University of St. Thomas,0,0,0,0,0,0,0,1,0,0,0,0
University of Tampa,0,0,0,0,0,0,0,0,0,0,0,2
University of Tennessee at Martin,0,0,0,0,0,0,0,0,0,0,0,1
University of Texas Rio Grande Valley,1,1,0,0,0,2,3,0,0,1,1,10
University of Vermont,0,1,0,0,0,0,0,0,0,0,0,0
University of West Alabama,0,0,0,0,0,0,0,0,0,0,0,1
University of West Florida,0,0,0,0,0,0,1,0,0,0,0,0
University of Wisconsin-Eau Claire,0,0,0,0,0,1,0,0,0,0,1,7
University of Wisconsin-LaCrosse,0,0,0,0,0,0,0,0,0,0,0,1
University of Wisconsin-Oshkosh,0,0,0,0,0,0,0,0,0,0,0,1
University of Wisconsin-Parkside,0,0,0,0,0,0,0,0,0,1,0,1
University of Wisconsin-Stevens Point,0,0,0,0,1,0,0,0,0,0,0,1
University of Wisconsin-Stout,0,0,0,0,0,0,0,0,0,0,0,2
University of the District of Columbia,0,0,0,0,1,0,1,0,0,0,0,0
University of the Pacific,1,0,0,2,0,0,0,1,0,1,1,11
Upper Iowa University,0,0,0,0,0,0,0,0,0,0,0,1
Upsala College,0,0,0,0,0,0,0,0,0,0,0,2
Utah,4,6,2,1,2,4,0,1,2,0,3,16
Utah State University,0,0,1,0,0,1,0,2,3,2,1,13
VCU,0,0,1,1,0,3,1,0,0,1,1,14
Valdosta State University,0,0,0,0,0,0,0,0,0,0,0,4
Valley City State University,0,0,0,0,0,0,0,0,0,0,0,1
Valparaiso,0,0,0,1,0,1,0,0,0,0,1,3
Vanderbilt,2,0,2,3,1,3,5,3,2,1,3,18
Vanguard University of Southern California,0,0,0,0,0,0,0,0,0,0,0,1
Villanova,1,8,0,10,3,5,5,2,3,2,1,21
Virginia,3,1,3,2,2,2,4,2,4,1,3,16
Virginia Military Institute,0,0,0,0,0,1,0,1,0,0,0,2
Virginia State University,0,0,0,0,0,0,0,0,0,0,1,3
Virginia Tech,0,0,1,2,1,0,1,1,0,2,2,17
Virginia Union University,0,1,1,0,0,0,0,1,1,2,0,2
Voorhees College,0,0,0,0,0,0,0,0,0,0,1,1
Wabash College,0,0,0,0,0,0,0,0,0,0,0,1
Wagner College,0,0,0,0,0,0,0,0,1,0,0,2
Wake Forest,3,3,4,7,0,1,0,3,2,1,2,15
Walsh University,0,0,0,0,0,0,0,0,0,0,1,0
Washington,2,5,1,4,3,4,2,4,1,5,2,24
Washington & Jefferson College,0,0,0,0,0,0,0,0,0,0,0,0
Washington & Lee University,0,0,0,0,0,0,1,1,0,0,0,1
Washington State,0,0,2,2,1,0,2,3,1,4,1,16
Washington University in Saint Louis,0,0,0,0,0,0,0,0,0,1,0,0
Wayne State College,0,0,0,0,0,0,0,0,0,0,0,2
Wayne State University,0,0,0,0,0,1,0,0,0,0,0,1
Weber State,0,1,1,1,0,1,1,0,1,0,2,9
West Georgia,0,0,0,0,0,0,0,1,0,0,0,5
West Liberty State College,0,0,0,0,0,0,0,0,0,0,0,1
West Texas A&M University,0,0,0,1,0,0,1,1,1,0,0,9
West Virginia,4,2,1,1,0,0,1,1,3,3,4,16
West Virginia State University,0,0,0,0,1,0,1,0,0,0,0,3
West Virginia Tech,0,0,0,0,0,0,0,0,1,0,0,3
West Virginia Wesleyan College,0,0,0,0,0,1,0,0,0,0,0,4
Western Carolina University,0,0,0,1,0,1,0,2,0,1,0,4
Western Illinois University,0,0,0,0,1,0,0,0,0,0,0,1
Western Kentucky,1,4,3,1,5,4,2,0,1,2,4,17
Western Michigan,0,0,0,0,0,0,0,1,0,0,1,9
Western New Mexico University,0,0,0,0,0,0,0,0,0,0,0,1
Western Oregon University,0,0,0,0,0,0,0,0,0,0,0,2
Westmar University,0,0,0,0,0,0,0,0,0,0,0,1
Westminster College of Pennsylvania,0,0,0,0,0,0,0,1,0,0,1,2
Westmont College,0,0,0,0,0,0,0,0,0,0,0,2
Wheaton College,0,0,0,0,0,0,0,0,0,0,2,4
Whittier College,0,0,0,0,0,0,0,0,0,0,0,1
Whitworth,0,1,0,0,0,0,0,0,1,0,0,1
Wichita State,2,3,0,1,0,1,2,1,1,1,2,9
Widener University,0,0,0,0,0,0,0,0,0,0,0,2
Wilberforce University,0,0,0,0,0,0,0,0,0,0,0,1
Wiley College,0,0,0,0,0,0,0,0,0,0,0,3
Willamette University,0,0,0,0,0,0,0,0,0,0,0,1
William & Mary,0,0,0,0,1,0,0,1,2,1,0,3
William Carey College,0,0,0,0,0,0,0,0,0,0,0,1
William Paterson University,0,0,0,0,0,0,0,0,0,0,0,1
Williams,0,0,0,0,0,0,0,0,0,0,0,1
Wilmington College,0,0,0,0,0,0,0,0,0,0,0,1
Windham College,0,0,0,0,0,0,0,0,0,0,0,1
Winona State University,0,0,0,0,0,0,0,0,0,0,0,1
Winston-Salem State,1,1,0,0,0,0,0,0,0,1,1,10
Wisconsin,3,2,2,2,1,2,0,2,2,1,1,20
Wisconsin-River Falls,0,0,0,0,0,0,0,0,0,0,0,2
Wittenberg University,0,0,0,0,0,0,0,0,0,0,1,3
Wofford College,0,1,0,0,0,0,0,0,0,0,0,1
Wright State University,0,0,1,0,0,0,0,0,0,0,0,2
Wyoming,1,1,1,4,1,2,1,2,0,0,1,13
Xavier,0,1,1,4,1,2,3,2,0,2,3,17
Xavier University of Louisiana,0,0,0,0,1,0,0,0,0,0,0,0
Yale,0,0,0,2,0,0,0,0,0,1,0,5
Yankton College,0,0,0,0,0,0,0,0,0,0,0,1
Yeshiva University,0,0,0,0,0,0,0,0,0,0,0,1
York College of Pennsylvania,0,0,0,0,0,0,0,0,0,0,0,0
Youngstown State University,0,0,0,0,0,0,0,0,0,0,0,5
